{
  "lang":"ru",
  "name":"pipeline",
  "version":"0.0.0",
  "spacy_version":">=3.5.3,<3.6.0",
  "description":"",
  "author":"",
  "email":"",
  "url":"",
  "license":"",
  "spacy_git_version":"512241e12",
  "vectors":{
    "width":0,
    "vectors":0,
    "keys":0,
    "name":null,
    "mode":"default"
  },
  "labels":{
    "tok2vec":[

    ],
    "ner":[
      "DEV",
      "IMG",
      "MATH",
      "REC",
      "TEXT",
      "VOICE"
    ]
  },
  "pipeline":[
    "tok2vec",
    "ner"
  ],
  "components":[
    "tok2vec",
    "ner"
  ],
  "disabled":[

  ],
  "performance":{
    "ents_f":0.9830258303,
    "ents_p":0.9794117647,
    "ents_r":0.9866666667,
    "ents_per_type":{
      "DEV":{
        "p":1.0,
        "r":1.0,
        "f":1.0
      },
      "REC":{
        "p":0.9382716049,
        "r":0.9743589744,
        "f":0.9559748428
      },
      "TEXT":{
        "p":0.9930875576,
        "r":0.9885321101,
        "f":0.9908045977
      },
      "MATH":{
        "p":0.9482758621,
        "r":0.9649122807,
        "f":0.9565217391
      },
      "VOICE":{
        "p":0.962962963,
        "r":1.0,
        "f":0.9811320755
      },
      "IMG":{
        "p":0.8947368421,
        "r":1.0,
        "f":0.9444444444
      }
    },
    "tok2vec_loss":0.0000212825,
    "ner_loss":0.0000072392
  }
}